<?xml version="1.0" encoding="UTF-8"?>
<mappings xmlns="http://dozer.sourceforge.net" xmlns:xsi="http://www.w3.org/2001/XMLSchema-instance"
	xsi:schemaLocation="http://dozer.sourceforge.net
          http://dozer.sourceforge.net/schema/beanmapping.xsd">
	<configuration>
		<custom-converters>
			<converter type="org.terasoluna.qp.app.common.ultils.DateCustomConverter">
				<class-a>java.lang.String</class-a>
				<class-b>java.sql.Date</class-b>
			</converter>
			<converter type="org.terasoluna.qp.app.common.ultils.DateCustomConverter">
				<class-a>java.lang.String</class-a>
				<class-b>java.sql.Time</class-b>
			</converter>
			<converter type="org.terasoluna.qp.app.common.ultils.DateCustomConverter">
				<class-a>java.lang.String</class-a>
				<class-b>java.sql.Timestamp</class-b>
			</converter>
			<converter type="org.terasoluna.qp.app.common.ultils.FileCustomConverter">
				<class-a>org.springframework.web.multipart.MultipartFile</class-a>
				<class-b>org.springframework.web.multipart.MultipartFile</class-b>
			</converter>			
		</custom-converters>
	</configuration>
</mappings> 