<?xml version="1.0" encoding="UTF-8"?>
<beans xmlns="http://www.springframework.org/schema/beans"
    xmlns:xsi="http://www.w3.org/2001/XMLSchema-instance"
    xmlns:context="http://www.springframework.org/schema/context"
    xmlns:util="http://www.springframework.org/schema/util"
    xmlns:aop="http://www.springframework.org/schema/aop"
    xsi:schemaLocation="http://www.springframework.org/schema/aop http://www.springframework.org/schema/aop/spring-aop.xsd
		http://www.springframework.org/schema/beans http://www.springframework.org/schema/beans/spring-beans.xsd
		http://www.springframework.org/schema/util http://www.springframework.org/schema/util/spring-util.xsd
		http://www.springframework.org/schema/context http://www.springframework.org/schema/context/spring-context.xsd">

    <!-- <context:property-placeholder location="terasoluna-qp-smtp.properties" /> -->
    
    <!-- Java Mail -->
	<bean id="mailSender" class="org.springframework.mail.javamail.JavaMailSenderImpl">
	    <property name="host" value="${mail.smtp.host}"/>
	    <property name="port" value="${mail.smtp.port}"/>
	    <property name="username" value="${mail.smtp.user}"/> <!-- (1) -->
	    <property name="password" value="${mail.smtp.password}"/> <!-- (2) -->
	    <property name="javaMailProperties">
	        <props>
	            <prop key="mail.smtp.auth">${mail.smtp.auth}</prop> <!-- (3) -->
	        </props>
	    </property>
	</bean>
	
	<bean id="templateMessage" class="org.springframework.mail.SimpleMailMessage">
	    <property name="from" value="${mail.from}" /> <!-- (2) -->
	    <property name="subject" value="${mail.subject}" /> <!-- (3) -->
	</bean>

</beans>