<?xml version="1.0" encoding="UTF-8"?>
<beans xmlns="http://www.springframework.org/schema/beans"
	xmlns:xsi="http://www.w3.org/2001/XMLSchema-instance" xmlns:util="http://www.springframework.org/schema/util"
	xsi:schemaLocation="http://www.springframework.org/schema/beans http://www.springframework.org/schema/beans/spring-beans.xsd http://www.springframework.org/schema/util http://www.springframework.org/schema/util/spring-util.xsd">

	<bean id="jdbcTemplateForCodeList" class="org.springframework.jdbc.core.JdbcTemplate">
		<property name="dataSource" ref="dataSource" />
		<property name="fetchSize" value="${codelist.jdbc.fetchSize:1000}" />
	</bean>

	<bean id="AbstractJdbcCodeList" class="org.terasoluna.qp.app.wraper.JdbcCodeList"
		abstract="true">
		<property name="jdbcTemplate" ref="jdbcTemplateForCodeList" />
	</bean>

	<bean id="CL_LANGUAGE_LIST" parent="AbstractJdbcCodeList">
		<property name="querySql"
			value="SELECT (language_code || '_' || country_code) AS locale_code, language_name FROM qp_language" />
		<property name="valueColumn" value="locale_code" />
		<property name="labelColumn" value="language_name" />
	</bean>

	<!-- Default system setting: format -->
	<bean id="CL_SYSTEM_SETTING" parent="AbstractJdbcCodeList">
		<property name="querySql"
			value="SELECT resource_cd , value1 FROM qp_resources where category_cd='systemSettings'" />
		<property name="valueColumn" value="resource_cd" />
		<property name="labelColumn" value="value1" />
	</bean>

	<!-- Bean for Theme format -->
	<bean id="CL_THEME_COLOR" parent="AbstractJdbcCodeList">
		<property name="querySql"
			value="SELECT resource_cd , value1 FROM qp_resources where category_cd='clThemeDefault'" />
		<property name="valueColumn" value="resource_cd" />
		<property name="labelColumn" value="value1" />
	</bean>

	<!-- Bean for Page size setting -->
	<bean id="CL_PAGESIZE" parent="AbstractJdbcCodeList">
		<property name="querySql"
			value="SELECT value1 FROM qp_resources where category_cd='clPageSize' order by resource_cd ASC" />
		<property name="valueColumn" value="value1" />
		<property name="labelColumn" value="value1" />
	</bean>

	<!-- Bean for Message type format -->
	<bean id="CL_MESSAGE_TYPE" class="org.terasoluna.gfw.common.codelist.SimpleMapCodeList">
		<property name="map">
			<util:map>
				<entry key="sc" value="cl.sys.0020" />
				<entry key="inf" value="cl.sys.0017" />
				<entry key="wrn" value="cl.sys.0018" />
				<entry key="err" value="cl.sys.0019" />
				<entry key="cl" value="cl.sys.0016" />
			</util:map>
		</property>
	</bean>

	<!-- Bean for Type of Table -->
	<bean id="CL_MENU_TYPE" class="org.terasoluna.gfw.common.codelist.SimpleMapCodeList">
		<property name="map">
			<util:map>
				<entry key="1" value="sc.menudesign.0001" /> <!-- Horizontal -->
				<entry key="0" value="sc.menudesign.0000" /> <!-- Vertical -->
			</util:map>
		</property>
	</bean>

	<!-- Bean for Role Status -->
	<bean id="CL_ROLE_STATUS" class="org.terasoluna.gfw.common.codelist.SimpleMapCodeList">
		<property name="map">
			<util:map>
				<entry key="1" value="Active" />
				<entry key="0" value="InActive" />
			</util:map>
		</property>
	</bean>
	<bean id="CL_FUNCTION_TYPE" class="org.terasoluna.gfw.common.codelist.SimpleMapCodeList">
		<property name="map">
			<util:map>
				<entry key="0" value="QP Common" />
				<entry key="1" value="Customize" />
			</util:map>
		</property>
	</bean>

	<!-- Bean for true false -->
	<bean id="CL_TRUE_FALSE" class="org.terasoluna.gfw.common.codelist.SimpleMapCodeList">
		<property name="map">
			<util:map>
				<entry key="1" value="True" />
				<entry key="0" value="False" />
			</util:map>
		</property>
	</bean>
	

	<!-- Bean for SUPPORT_OPTION_VALUE_FLAG -->
	<bean id="CL_SUPPORT_OPTION_VALUE_FLAG" class="org.terasoluna.gfw.common.codelist.SimpleMapCodeList">
		<property name="map">
			<util:map>
				<entry key="1" value="sc.sys.0011" />
				<entry key="0" value="sc.sys.0012" />
			</util:map>
		</property>
	</bean>

	<!-- Bean for language code format -->
	<bean id="CL_LANGUAGE_CODE" class="org.terasoluna.gfw.common.codelist.SimpleMapCodeList">
		<property name="map">
			<util:map>
				<entry key="ar_AE" value="cl.language.0013" />
				<entry key="bs_LATN" value="cl.language.0014" />
				<entry key="bg_BG" value="cl.language.0015" />
				<entry key="ca_ES" value="cl.language.0016" />
				<entry key="zh_CHS" value="cl.language.0017" />
				<entry key="zh_CHT" value="cl.language.0018" />
				<entry key="hr_BA" value="cl.language.0019" />
				<entry key="cs_CZ" value="cl.language.0020" />
				<entry key="da_DK" value="cl.language.0021" />
				<entry key="nl_BE" value="cl.language.0022" />
				<entry key="en_US" value="cl.language.0023" />
				<entry key="et_EE" value="cl.language.0024" />
				<entry key="fi_FI" value="cl.language.0025" />
				<entry key="fr_FR" value="cl.language.0026" />
				<entry key="de_DE" value="cl.language.0027" />
				<entry key="el_GR" value="cl.language.0028" />
				<entry key="ht_HT" value="cl.language.0029" />
				<entry key="he_IL" value="cl.language.0030" />
				<entry key="hi_IN" value="cl.language.0031" />
				<entry key="mww_MWW" value="cl.language.0032" />
				<entry key="hu_HU" value="cl.language.0033" />
				<entry key="id_ID" value="cl.language.0034" />
				<entry key="it_IT" value="cl.language.0035" />
				<entry key="ja_JP" value="cl.language.0036" />
				<entry key="tlh_QAAK" value="cl.language.0037" />
				<entry key="ko_KR" value="cl.language.0038" />
				<entry key="lv_LV" value="cl.language.0039" />
				<entry key="lt_LT" value="cl.language.0040" />
				<entry key="ms_MY" value="cl.language.0041" />
				<entry key="mt_MT" value="cl.language.0042" />
				<entry key="no_no" value="cl.language.0043" />
				<entry key="fa_IR" value="cl.language.0044" />
				<entry key="pl_PL" value="cl.language.0045" />
				<entry key="pt_PT" value="cl.language.0046" />
				<entry key="otq_OTQ" value="cl.language.0047" />
				<entry key="ro_RO" value="cl.language.0048" />
				<entry key="ru_RU" value="cl.language.0049" />
				<entry key="sr_CYRL" value="cl.language.0050" />
				<entry key="sr_LATN" value="cl.language.0051" />
				<entry key="sk_SK" value="cl.language.0052" />
				<entry key="sl_SI" value="cl.language.0053" />
				<entry key="es_ES" value="cl.language.0054" />
				<entry key="sv_SE" value="cl.language.0055" />
				<entry key="th_TH" value="cl.language.0056" />
				<entry key="tr_TR" value="cl.language.0057" />
				<entry key="uk_UA" value="cl.language.0058" />
				<entry key="ur_PK" value="cl.language.0059" />
				<entry key="vi_VN" value="cl.language.0060" />
				<entry key="cy_GB" value="cl.language.0061" />
				<entry key="yua_GW" value="cl.language.0062" />
			</util:map>
		</property>
	</bean>

	<!-- scope of input bean -->
	<bean id="CL_BD_INPUT_SCOPE" class="org.terasoluna.gfw.common.codelist.SimpleMapCodeList">
		<property name="map">
			<util:map>
				<entry key="0" value="Request" />
				<entry key="1" value="Session" />
			</util:map>
		</property>
	</bean>

	<!-- Bean for batch directory type -->
	<bean id="CL_BATCH_DIRECTORY_TYPE" class="org.terasoluna.gfw.common.codelist.SimpleMapCodeList">
		<property name="map">
			<util:map>
				<entry key="0" value="sc.accountprofile.0049" />
				<entry key="1" value="sc.accountprofile.0050" />
			</util:map>
		</property>
	</bean>

	<bean id="CL_DATE_FORMAT_SETTING" class="org.terasoluna.gfw.common.codelist.SimpleMapCodeList">
		<property name="map">
			<util:map>
				<entry key="1" value="YYYY/MM/DD" />
				<entry key="2" value="DD/MM/YYYY" />
			</util:map>
		</property>
	</bean>
	
	<bean id="CL_DATETIME_FORMAT_SETTING" class="org.terasoluna.gfw.common.codelist.SimpleMapCodeList">
		<property name="map">
			<util:map>
				<entry key="1" value="YYYY/MM/DD HH:mm:ss" />
				<entry key="2" value="YYYY/MM/DD hh:mm:ss A" />
				<entry key="3" value="DD/MM/YYYY HH:mm:ss" />
				<entry key="4" value="DD/MM/YYYY hh:mm:ss A" />
			</util:map>
		</property>
	</bean>

	<bean id="CL_TIME_FORMAT_SETTING" class="org.terasoluna.gfw.common.codelist.SimpleMapCodeList">
		<property name="map">
			<util:map>
				<entry key="1" value="HH:mm:ss" />
				<entry key="2" value="hh:mm:ss A" />
			</util:map>
		</property>
	</bean>
	
</beans>
