<?xml version="1.0" encoding="UTF-8"?>
<beans xmlns="http://www.springframework.org/schema/beans"
	xmlns:mybatis="http://mybatis.org/schema/mybatis-spring" xmlns:xsi="http://www.w3.org/2001/XMLSchema-instance"
	xsi:schemaLocation="
        http://www.springframework.org/schema/beans
        http://www.springframework.org/schema/beans/spring-beans.xsd
        http://mybatis.org/schema/mybatis-spring
        http://mybatis.org/schema/mybatis-spring.xsd">

	<import resource="classpath:/META-INF/spring/terasoluna-qp-env.xml" />

	<!-- define the SqlSessionFactory -->
	<bean id="sqlSessionFactory" class="org.mybatis.spring.SqlSessionFactoryBean">
		<property name="dataSource" ref="dataSource" />
		<property name="configLocation"
			value="classpath:/META-INF/mybatis/mybatis-config.xml" />
		<!-- <property name="typeHandlers"> <list> <bean class="xxx.yyy.zzz.CustomTypeHandler" 
			/> </list> </property> -->
	</bean>
	<bean id="sqlSession" class="org.mybatis.spring.SqlSessionTemplate">
		<constructor-arg index="0" ref="sqlSessionFactory" />
	</bean>
	<bean id="autocompleteServiceImpl" class="org.terasoluna.qp.domain.service.common.AutocompleteServiceImpl">
		<property name="sqlSession" ref="sqlSession" />
	</bean>

	<!-- scan for Mappers -->
	<mybatis:scan base-package="org.terasoluna.qp.domain.repository" />
	<mybatis:scan base-package="${org.terasoluna.qp}.domain.repository" />
	<mybatis:scan base-package="${org.terasoluna.qp}.domain.repository.common" />

</beans>
