<?xml version="1.0" encoding="UTF-8"?>
<!DOCTYPE mapper PUBLIC "-//mybatis.org//DTD Mapper 3.0//EN"
    "http://mybatis.org/dtd/mybatis-3-mapper.dtd">
    
<mapper namespace="org.terasoluna.qp.domain.repository.accountloginattempt.AccountLoginAttemptRepository">
	<resultMap id="accountLoginAttemptResultMap" type="AccountLoginAttempt">
		<id property="accountLoginAttemptId" column="account_login_attempt_id" />
        <result property="accountId" column="account_id" />
        <result property="generationsCount" column="generations_count" />
        <result property="loginContinuousFailureCount" column="login_continuous_failure_count" />
        <result property="createdBy" column="created_by" />
        <result property="createdDate" column="created_date" />
        <result property="updatedBy" column="updated_by" />
        <result property="updatedDate" column="updated_date" />
	</resultMap>
	
	<select id="getAccountLoginAttemptByAccountId" parameterType="long" resultMap="accountLoginAttemptResultMap">
		SELECT
            *
        FROM
            qp_account_login_attempt
		WHERE
			account_id = #{accountId}
	</select>
	
	<insert id="register" parameterType="AccountLoginAttempt">
        <selectKey keyProperty="accountLoginAttemptId" resultType="long" order="BEFORE">
            SELECT qp_account_login_attempt_seq.nextval AS accountLoginAttemptId FROM dual
        </selectKey>
        INSERT INTO
            qp_account_login_attempt
        (
            account_login_attempt_id,
            account_id,
            generations_count,
            login_continuous_failure_count,
            created_by,
            updated_by
        )
        VALUES
        (
            #{accountLoginAttemptId},
            #{accountId},
            #{generationsCount},
            #{loginContinuousFailureCount},
            #{createdBy},
            #{updatedBy}
        )
    </insert>
    
    <update id="modify" parameterType="AccountLoginAttempt">
        UPDATE 
        	qp_account_login_attempt
        SET
            generations_count = #{generationsCount},
            login_continuous_failure_count = #{loginContinuousFailureCount},
            updated_by = #{updatedBy},
            updated_date = current_timestamp
        WHERE  
        	account_id = #{accountId}
    </update>
</mapper>