<?xml version="1.0" encoding="UTF-8" ?>
<!DOCTYPE tiles-definitions PUBLIC
   "-//Apache Software Foundation//DTD Tiles Configuration 3.0//EN"
   "http://tiles.apache.org/dtds/tiles-config_3_0.dtd">

<tiles-definitions>
    <definition name="layouts" template="/WEB-INF/views/layout/template.jsp">
        <put-attribute name="header" value="/WEB-INF/views/layout/header.jsp" />
        <put-attribute name="footer" value="/WEB-INF/views/layout/footer.jsp" />
    </definition>
    <definition name="layouts-login" template="/WEB-INF/views/layout/template-login.jsp">
        <put-attribute name="header" value="/WEB-INF/views/layout/header-login.jsp" />
        <put-attribute name="footer" value="/WEB-INF/views/layout/footer.jsp" />
    </definition>
    <definition name="layouts-popup" template="/WEB-INF/views/layout/template-popup.jsp">
        <put-attribute name="footer" value="/WEB-INF/views/layout/footer.jsp" />
    </definition>
    <definition name="layouts-bootstrap" template="/WEB-INF/views/layout/template-bootstrap.jsp">
    	<put-attribute name="header-bootstrap" value="/WEB-INF/views/layout/header-bootstrap.jsp" />
        <put-attribute name="footer-bootstrap" value="/WEB-INF/views/layout/footer-bootstrap.jsp" />
    </definition>
    <definition name="layouts-capture" template="/WEB-INF/views/layout/template-capture.jsp">
        <put-attribute name="footer" value="/WEB-INF/views/layout/footer.jsp" />
    </definition>
</tiles-definitions>