<?xml version="1.0" encoding="UTF-8" ?>
<!DOCTYPE configuration PUBLIC "-//mybatis.org/DTD Config 3.0//EN"
    "http://mybatis.org/dtd/mybatis-3-config.dtd">
<configuration>

    <settings>
        <setting name="cacheEnabled" value="true" />
        <setting name="lazyLoadingEnabled" value="true" />
        <setting name="localCacheScope" value="STATEMENT" />
    </settings>

    <typeAliases>
        <package name="jp.terasoluna.fw.batch.executor.vo" />
    </typeAliases>

</configuration>
