<?xml version="1.0" encoding="UTF-8"?>
<beans xmlns="http://www.springframework.org/schema/beans"
	xmlns:xsi="http://www.w3.org/2001/XMLSchema-instance" xmlns:context="http://www.springframework.org/schema/context"
	xmlns:mvc="http://www.springframework.org/schema/mvc" xmlns:util="http://www.springframework.org/schema/util"
	xmlns:aop="http://www.springframework.org/schema/aop"
	xsi:schemaLocation="http://www.springframework.org/schema/mvc http://www.springframework.org/schema/mvc/spring-mvc.xsd
        http://www.springframework.org/schema/beans http://www.springframework.org/schema/beans/spring-beans.xsd
        http://www.springframework.org/schema/util http://www.springframework.org/schema/util/spring-util.xsd
        http://www.springframework.org/schema/context http://www.springframework.org/schema/context/spring-context.xsd
        http://www.springframework.org/schema/aop http://www.springframework.org/schema/aop/spring-aop.xsd">

	<context:property-placeholder
		location="classpath*:/META-INF/spring/*.properties" />

	<mvc:annotation-driven validator="validator">
		<mvc:argument-resolvers>
			<bean
				class="org.springframework.data.web.PageableHandlerMethodArgumentResolver" />
			<bean
				class="org.springframework.security.web.bind.support.AuthenticationPrincipalArgumentResolver" />
		</mvc:argument-resolvers>
		<mvc:message-converters>
			<bean
				class="org.springframework.http.converter.xml.MarshallingHttpMessageConverter">
				<property name="marshaller" ref="xmlMarshaller" />
				<property name="unmarshaller" ref="xmlMarshaller" />
			</bean>
		</mvc:message-converters>
	</mvc:annotation-driven>

	<mvc:default-servlet-handler />

	<context:component-scan base-package="org.terasoluna.qp.app" />
	<context:component-scan base-package="${org.terasoluna.qp}.app" />

	<mvc:view-controller path="/login" view-name="login/form" />

	<mvc:resources mapping="/resources/**"
		location="/resources/,classpath:META-INF/resources/" cache-period="#{60 * 60}" />

	<mvc:interceptors>
		<mvc:interceptor>
			<mvc:mapping path="/**" />
			<mvc:exclude-mapping path="/resources/**" />
			<mvc:exclude-mapping path="/**/*.html" />
			<bean class="org.terasoluna.gfw.web.logging.TraceLoggingInterceptor" />
		</mvc:interceptor>
		<mvc:interceptor>
			<mvc:mapping path="/**" />
			<mvc:exclude-mapping path="/resources/**" />
			<mvc:exclude-mapping path="/**/*.html" />
			<bean
				class="org.terasoluna.gfw.web.token.transaction.TransactionTokenInterceptor" />
		</mvc:interceptor>
		<mvc:interceptor>
			<mvc:mapping path="/**" />
			<mvc:exclude-mapping path="/resources/**" />
			<mvc:exclude-mapping path="/**/*.html" />
			<bean class="org.terasoluna.gfw.web.codelist.CodeListInterceptor">
				<property name="codeListIdPattern" value="CL_.+" />
			</bean>
		</mvc:interceptor>
		<!-- REMOVE THIS LINE IF YOU USE JPA <mvc:interceptor> <mvc:mapping path="/**" 
			/> <mvc:exclude-mapping path="/resources/**" /> <mvc:exclude-mapping path="/**/*.html" 
			/> <bean class="org.springframework.orm.jpa.support.OpenEntityManagerInViewInterceptor" 
			/> </mvc:interceptor> REMOVE THIS LINE IF YOU USE JPA -->
	</mvc:interceptors>

	<!-- Settings View Resolver. -->
	<mvc:view-resolvers>
		<mvc:bean-name />
		<mvc:tiles />
		<mvc:jsp prefix="/WEB-INF/views/" />
	</mvc:view-resolvers>

	<mvc:tiles-configurer>
		<mvc:definitions location="/WEB-INF/tiles/tiles-definitions.xml" />
	</mvc:tiles-configurer>

	<bean id="requestDataValueProcessor"
		class="org.terasoluna.gfw.web.mvc.support.CompositeRequestDataValueProcessor">
		<constructor-arg>
			<util:list>
				<bean
					class="org.springframework.security.web.servlet.support.csrf.CsrfRequestDataValueProcessor" />
				<bean
					class="org.terasoluna.gfw.web.token.transaction.TransactionTokenRequestDataValueProcessor" />
			</util:list>
		</constructor-arg>
	</bean>

	<!-- Setting Exception Handling. -->
	<!-- Exception Resolver. -->
	<bean class="org.terasoluna.gfw.web.exception.SystemExceptionResolver">
		<property name="exceptionCodeResolver" ref="exceptionCodeResolver" />
		<!-- Setting and Customization by project. -->
		<property name="order" value="3" />
		<property name="exceptionMappings">
			<map>
				<entry key="ResourceNotFoundException" value="common/error/resourceNotFoundError" />
				<entry key="BusinessException" value="common/error/businessError" />
				<entry key="InvalidTransactionTokenException" value="common/error/transactionTokenError" />
				<entry key=".DataAccessException" value="common/error/dataAccessError" />
			</map>
		</property>
		<property name="statusCodes">
			<map>
				<entry key="common/error/resourceNotFoundError" value="404" />
				<entry key="common/error/businessError" value="409" />
				<entry key="common/error/transactionTokenError" value="409" />
				<entry key="common/error/dataAccessError" value="500" />
			</map>
		</property>
		<property name="defaultErrorView" value="common/error/systemError" />
		<property name="defaultStatusCode" value="500" />
	</bean>
	<bean id="multipartResolver"
		class="org.springframework.web.multipart.support.StandardServletMultipartResolver"> <!-- (1) -->
	</bean>
	<!-- Setting AOP. -->
	<bean id="handlerExceptionResolverLoggingInterceptor"
		class="org.terasoluna.gfw.web.exception.HandlerExceptionResolverLoggingInterceptor">
		<property name="exceptionLogger" ref="exceptionLogger" />
	</bean>
	<aop:config>
		<aop:advisor advice-ref="handlerExceptionResolverLoggingInterceptor"
			pointcut="execution(* org.springframework.web.servlet.HandlerExceptionResolver.resolveException(..))" />
	</aop:config>
	
	<bean id="xmlMarshallerQP" class="org.springframework.oxm.jaxb.Jaxb2Marshaller">
		<property name="packagesToScan" value="org.terasoluna.qp.app.*.ajax" />
	</bean>

	<bean id="xmlMarshaller" class="org.springframework.oxm.jaxb.Jaxb2Marshaller">
		<property name="packagesToScan" value="${org.terasoluna.qp}.app.*.ajax" />
	</bean>

	<bean id="validator" class="org.terasoluna.qp.app.common.validation.CustomLocalValidatorFactoryBean">
		<property name="validationMessageSource" ref="messageSource" />
	</bean>
</beans>
