<?xml version="1.0" encoding="UTF-8"?>
<assembly
    xmlns="http://maven.apache.org/plugins/maven-assembly-plugin/assembly/1.1.2"
    xmlns:xsi="http://www.w3.org/2001/XMLSchema-instance"
    xsi:schemaLocation="http://maven.apache.org/plugins/maven-assembly-plugin/assembly/1.1.2
                        http://maven.apache.org/xsd/assembly-1.1.2.xsd">

    <id>distribution</id>
    <formats>
        <format>zip</format>
    </formats>
    <includeBaseDirectory>true</includeBaseDirectory>
    <fileSets>
        <fileSet>
            <directory>scripts</directory>
            <!-- 開発環境専用のスクリプトファイルを除外する -->
            <excludes>
                <exclude>developments/**</exclude>
            </excludes>
        </fileSet>
        <fileSet>
            <directory>sql</directory>
        </fileSet>
    </fileSets>
    <dependencySets>
        <dependencySet>
            <unpack>false</unpack>
            <scope>runtime</scope>
            <outputDirectory>lib</outputDirectory>
        </dependencySet>
    </dependencySets>

</assembly>
