<?xml version="1.0" encoding="UTF-8"?>
<!DOCTYPE mapper PUBLIC "-//mybatis.org//DTD Mapper 3.0//EN"
    "http://mybatis.org/dtd/mybatis-3-mapper.dtd">

<mapper
	namespace="org.terasoluna.qp.domain.repository.accountrole.AccountRoleRepository">

	<resultMap id="resultMap" type="AccountRole">
		<result property="roleId" column="role_id" />
		<result property="accountId" column="account_id" />
	</resultMap>

	<delete id="deleteByAccountId" parameterType="Long">
        DELETE 
        FROM qp_account_role
        WHERE 
        account_id = #{accountId}
    </delete>
    
    <insert id="createAccountRole" >
    	<if test="roleItems != null and  roleItems.size() > 0 ">
			INSERT ALL 
	    	<foreach item="item" collection="roleItems">
	    	INTO qp_account_role
			(
	           	account_id,
	           	role_id
	        )
	    	VALUES 
	    	(
	    		#{item.accountId},
	    		#{item.roleId}
			)
			</foreach>
			SELECT * FROM dual
		</if>
    </insert>
</mapper>
