<?xml version="1.0" encoding="UTF-8"?>
<beans xmlns="http://www.springframework.org/schema/beans"
	xmlns:xsi="http://www.w3.org/2001/XMLSchema-instance" xmlns:context="http://www.springframework.org/schema/context"
	xmlns:aop="http://www.springframework.org/schema/aop"
	xsi:schemaLocation="http://www.springframework.org/schema/beans http://www.springframework.org/schema/beans/spring-beans.xsd
        http://www.springframework.org/schema/context http://www.springframework.org/schema/context/spring-context.xsd
        http://www.springframework.org/schema/aop http://www.springframework.org/schema/aop/spring-aop.xsd">

	<import resource="classpath:/META-INF/spring/terasoluna-qp-domain.xml" />

	<bean id="passwordEncoder"
		class="org.springframework.security.crypto.bcrypt.BCryptPasswordEncoder" />

	<context:property-placeholder
		location="classpath*:/META-INF/spring/*.properties" />
		
	<bean class="org.dozer.spring.DozerBeanMapperFactoryBean">
		<property name="mappingFiles" value="classpath*:/META-INF/dozer/**/*-mapping.xml" />
	</bean>
	<!-- Message -->
	<!-- <bean id="messageSource" class="org.springframework.context.support.ResourceBundleMessageSource"> 
		<property name="basenames"> <list> <value>i18n/application-messages</value> 
		</list> </property> </bean> -->

	<bean id="messageSource" class="org.terasoluna.qp.app.common.ultils.InitializableMessageSource">
		<property name="messageProvider">
			<bean id="jdbcMessageProvider" class="org.terasoluna.qp.app.common.ultils.JdbcMessageProvider">
				<property name="dataSource" ref="dataSource" />
			</bean>
		</property>
	</bean>

	<!-- 
	<bean id="localeResolver" class="org.springframework.web.servlet.i18n.SessionLocaleResolver">
		<property name="defaultLocale" value="en_US" />
	</bean>
	
	<bean id="localeChangeInterceptor" class="org.springframework.web.servlet.i18n.LocaleChangeInterceptor">
		<property name="paramName" value="lang" />
	</bean>

	<bean id="handlerMapping" class="org.springframework.web.servlet.mvc.annotation.DefaultAnnotationHandlerMapping">
		<property name="interceptors">
			<ref bean="localeChangeInterceptor" />
		</property>
	</bean>
 	-->
	<!-- Exception Code Resolver. -->
	<bean id="exceptionCodeResolver"
		class="org.terasoluna.gfw.common.exception.SimpleMappingExceptionCodeResolver">
		<!-- Setting and Customization by project. -->
		<property name="exceptionMappings">
			<map>
				<entry key="ResourceNotFoundException" value="err.sys.0052" />
				<entry key="InvalidTransactionTokenException" value="err.sys.0053" />
				<entry key="BusinessException" value="err.sys.0057" />
				<entry key=".DataAccessException" value="err.sys.0059" />
			</map>
		</property>
		<property name="defaultExceptionCode" value="err.sys.0039" />
	</bean>

	<!-- Exception Logger. -->
	<bean id="exceptionLogger" class="org.terasoluna.gfw.common.exception.ExceptionLogger">
		<property name="exceptionCodeResolver" ref="exceptionCodeResolver" />
	</bean>

	<!-- Filter. -->
	<bean id="exceptionLoggingFilter" class="org.terasoluna.gfw.web.exception.ExceptionLoggingFilter">
		<property name="exceptionLogger" ref="exceptionLogger" />
	</bean>

	<bean id="applicationContextProvder" class="org.terasoluna.qp.app.common.ultils.ApplicationContextProvider"/>

</beans>
