<?xml version="1.0" encoding="UTF-8"?>
<beans xmlns="http://www.springframework.org/schema/beans"
	xmlns:xsi="http://www.w3.org/2001/XMLSchema-instance" xmlns:sec="http://www.springframework.org/schema/security"
	xmlns:context="http://www.springframework.org/schema/context"
	xsi:schemaLocation="http://www.springframework.org/schema/security http://www.springframework.org/schema/security/spring-security.xsd
		http://www.springframework.org/schema/beans http://www.springframework.org/schema/beans/spring-beans.xsd
		http://www.springframework.org/schema/context http://www.springframework.org/schema/context/spring-context.xsd">

	<!-- <sec:http pattern="/resources/**" security="none"/> -->
	<sec:http auto-config="false" use-expressions="true"
		entry-point-ref="authenticationEntryPoint">

		<sec:intercept-url pattern="/login" access="permitAll" />
		<sec:intercept-url pattern="/resources/media/**"
			access="permitAll" />
		<sec:intercept-url pattern="/resources/app/**"
			access="permitAll" />
		<sec:intercept-url pattern="/jsMsgSource*" access="permitAll" />

		<!-- account roles -->
		<sec:intercept-url pattern="/accountrole/view*"
			access="hasRole('accountroleView')" />
		<sec:intercept-url pattern="/accountrole/modify*"
			access="hasRole('accountroleModify')" />

		<!-- account permission -->
		<sec:intercept-url pattern="/account/search*"
			access="hasRole('accountSearch')" />
		<sec:intercept-url pattern="/account/register*"
			access="hasRole('accountRegister')" />
		<sec:intercept-url pattern="/account/view*" access="hasRole('accountView')" />
		<sec:intercept-url pattern="/account/modify*"
			access="hasRole('accountModify')" />
		<sec:intercept-url pattern="/account/delete*"
			access="hasRole('accountDelete')" />

		<!-- role permission -->
		<sec:intercept-url pattern="/role/search*" access="hasRole('roleSearch')" />
		<sec:intercept-url pattern="/role/register*" access="hasRole('roleRegister')" />
		<sec:intercept-url pattern="/role/view*" access="hasRole('roleView')" />
		<sec:intercept-url pattern="/role/modify*" access="hasRole('roleModify')" />
		<sec:intercept-url pattern="/role/delete*" access="hasRole('roleDelete')" />

		<!-- message permission -->
		<sec:intercept-url pattern="/message/search*"
			access="hasRole('messageSearch')" />
		<sec:intercept-url pattern="/message/modify*"
			access="hasRole('messageModify')" />

		<!-- account profile -->
		<sec:intercept-url pattern="/accountprofile/modifyTheme*"
			access="hasRole('accountprofileModifytheme')" />
		<sec:intercept-url pattern="/accountprofile/setDefaultTheme*"
			access="hasRole('accountprofileSetdefaulttheme')" />

		<!-- account permission -->
		<sec:intercept-url pattern="/accountpermission/view*"
			access="hasRole('accountpermissionView')" />
		<sec:intercept-url pattern="/accountpermission/modify*"
			access="hasRole('accountpermissionModify')" />

		<!-- language permission -->
		<sec:intercept-url pattern="/language/register*"
			access="hasRole('languageRegister')" />
		<sec:intercept-url pattern="/language/view*" access="hasRole('languageView')" />
		<sec:intercept-url pattern="/language/modify*"
			access="hasRole('languageModify')" />
		<sec:intercept-url pattern="/language/delete*"
			access="hasRole('languageDelete')" />

		<!-- appendHere -->
		
		<!-- wsAuthenAppendHere -->
		
		<!-- wsNotAuthenAppendHere -->

		<sec:intercept-url pattern="/**" access="isAuthenticated()" />

		<!-- login configuration -->
		<!-- <sec:form-login login-page="/login" default-target-url="/getUserDetailInfo" 
			always-use-default-target="true" authentication-failure-handler-ref="redirectErrorHandler" 
			authentication-success-handler-ref="authSuccessHandlerEx" /> -->
		<!-- logout configuration -->
		<sec:logout logout-url="/logout" logout-success-url="/login"
			invalidate-session="true" delete-cookies="JSESSIONID" />

		<!-- Allow fancybox load iframe -->
		<sec:headers>
			<sec:frame-options policy="SAMEORIGIN" />
		</sec:headers>

		<sec:access-denied-handler ref="accessDeniedHandler" />

		<sec:csrf />

		<sec:custom-filter position="FORM_LOGIN_FILTER" ref="authenticationFilter" />
		<sec:custom-filter position="CONCURRENT_SESSION_FILTER"
			ref="concurrencyFilter" />
		<sec:custom-filter after="ANONYMOUS_FILTER" ref="userIdMDCPutFilter" />
		<sec:custom-filter before="LOGOUT_FILTER" ref="csrfFilter" />

		<sec:session-management
			session-authentication-strategy-ref="sessionAuthenticationStrategy" />

	</sec:http>

	<bean id="authenticationEntryPoint"
		class="org.springframework.security.web.authentication.LoginUrlAuthenticationEntryPoint">
		<constructor-arg value="/login" />
	</bean>

	<bean id="authenticationFilter"
		class="org.springframework.security.web.authentication.UsernamePasswordAuthenticationFilter">
		<!-- <property name="requiresAuthenticationRequestMatcher"> <bean class="org.springframework.security.web.authentication.logout.LogoutFilter$FilterProcessUrlRequestMatcher"> 
			<constructor-arg value="/authentication" /> </bean> </property> -->
		<property name="sessionAuthenticationStrategy" ref="sessionAuthenticationStrategy" />
		<property name="authenticationManager" ref="authenticationManager" />
		<property name="authenticationFailureHandler" ref="redirectErrorHandler" />
		<property name="authenticationSuccessHandler" ref="authSuccessHandlerEx" />
	</bean>

	<bean id="redirectErrorHandler"
		class="org.terasoluna.qp.app.account.AuthenticationFailureHandlerEx">
		<property name="defaultFailureUrl" value="/login?error=true" />
		<property name="useForward" value="true" />
	</bean>

	<bean id="authSuccessHandlerEx"
		class="org.terasoluna.qp.app.account.AuthenticationSuccessHandlerEx">
		<property name="defaultTargetUrl" value="/getUserDetailInfo" />
		<property name="alwaysUseDefaultTargetUrl" value="true"></property>
	</bean>

	<sec:authentication-manager alias="authenticationManager">
		<sec:authentication-provider
			user-service-ref="accountDetailsService">
			<sec:password-encoder ref="passwordEncoder" />
		</sec:authentication-provider>
		<!-- appendWSAuthentication -->
	</sec:authentication-manager>

	<bean id="concurrencyFilter"
		class="org.springframework.security.web.session.ConcurrentSessionFilter">
		<property name="sessionRegistry" ref="sessionRegistry" />
		<property name="expiredUrl" value="/session-expired" />
	</bean>

	<bean id="sessionAuthenticationStrategy"
		class="org.springframework.security.web.authentication.session.ConcurrentSessionControlStrategy">
		<constructor-arg name="sessionRegistry" ref="sessionRegistry" />
		<property name="maximumSessions" value="1" />
		<property name="exceptionIfMaximumExceeded" value="true" />
	</bean>

	<bean id="sessionRegistry"
		class="org.springframework.security.core.session.SessionRegistryImpl" />

	<bean id="accountDetailsService"
		class="org.terasoluna.qp.domain.service.account.AccountDetailServiceImpl"></bean>
	
	<bean id="oauthUserDetailsService"
		class="org.terasoluna.qp.domain.service.account.UserDetailsServiceImpl"></bean>
	
	<bean id="passwordEncoder"
		class="org.springframework.security.crypto.bcrypt.BCryptPasswordEncoder" />

	<bean id="redirectHandler"
		class="org.terasoluna.gfw.security.web.redirect.RedirectAuthenticationHandler"></bean>

	<!-- CSRF Protection -->
	<bean id="accessDeniedHandler"
		class="org.springframework.security.web.access.DelegatingAccessDeniedHandler">
		<constructor-arg index="0">
			<map>
				<entry
					key="org.springframework.security.web.csrf.InvalidCsrfTokenException">
					<bean
						class="org.springframework.security.web.access.AccessDeniedHandlerImpl">
						<property name="errorPage"
							value="/WEB-INF/views/common/error/invalidCsrfTokenError.jsp" />
					</bean>
				</entry>
				<entry
					key="org.springframework.security.web.csrf.MissingCsrfTokenException">
					<bean
						class="org.springframework.security.web.access.AccessDeniedHandlerImpl">
						<property name="errorPage"
							value="/WEB-INF/views/common/error/missingCsrfTokenError.jsp" />
					</bean>
				</entry>
			</map>
		</constructor-arg>
		<constructor-arg index="1">
			<bean
				class="org.springframework.security.web.access.AccessDeniedHandlerImpl">
				<property name="errorPage"
					value="/WEB-INF/views/common/error/accessDeniedError.jsp" />
			</bean>
		</constructor-arg>
	</bean>

	<!-- Put UserID into MDC -->
	<bean id="userIdMDCPutFilter"
		class="org.terasoluna.gfw.security.web.logging.UserIdMDCPutFilter">
		<property name="removeValue" value="true" />
	</bean>

	<bean id="csrfFilter" class="org.springframework.security.web.csrf.CsrfFilter">
		<constructor-arg index="0" ref="csrfTokenRepository" />
		<property name="accessDeniedHandler">
			<bean
				class="org.springframework.security.web.access.AccessDeniedHandlerImpl">
				<property name="errorPage"
					value="/WEB-INF/views/common/error/csrfTokenError.jsp" />
			</bean>
		</property>
	</bean>

	<bean id="csrfTokenRepository"
		class="org.springframework.security.web.csrf.HttpSessionCsrfTokenRepository" />

</beans>
