<?xml version="1.0" encoding="UTF-8"?>
<!DOCTYPE mapper PUBLIC "-//mybatis.org//DTD Mapper 3.0//EN"
    "http://mybatis.org/dtd/mybatis-3-mapper.dtd">

<mapper namespace="org.terasoluna.qp.domain.repository.userroles.UserRolesRepository">

	<resultMap id="userrolesResultMap" type="UserRoles">
		<id property="roleId" column="role_id" />
		<result property="roleCd" column="role_code" />
		<result property="roleName" column="role_name" />
		<result property="status" column="status" />
		<result property="remark" column="remark" />
	</resultMap>

	<select id="findOne" parameterType="int" resultMap="userrolesResultMap">
		SELECT role_id, 
             role_name, 
             role_code, 
             status, 
             remark
		FROM
		      qp_role
		WHERE role_id=
		#{roleId}
	</select>

	<select id="getAll" resultMap="userrolesResultMap">
    <![CDATA[
      SELECT role_id, 
             role_name, 
             role_code, 
             status, 
             remark
  FROM qp_role
    ]]>
	</select>
	
	<select id="getRolesOfAccount" parameterType="Long" resultMap="userrolesResultMap">
        select t2.* 
        from user_role t1
        inner join qp_role t2 on (t1.role_id = t2.role_id)
        where account_id = #{accountId}
    </select>


</mapper>
