<?xml version="1.0" encoding="UTF-8"?>
<!DOCTYPE mapper PUBLIC "-//mybatis.org//DTD Mapper 3.0//EN"
    "http://mybatis.org/dtd/mybatis-3-mapper.dtd">

<mapper namespace="org.terasoluna.qp.domain.repository.common.AutocompleteRepository">
	<resultMap id="autocomplete" type="Autocomplete">
		<result property="optionValue" column="optionValue" />
		<result property="optionLabel" column="optionLabel" />
		<result property="output01" column="output01" />
		<result property="output02" column="output02" />
		<result property="output03" column="output03" />
		<result property="output04" column="output04" />
		<result property="output05" column="output05" />
	</resultMap>
	
</mapper>
