<?xml version="1.0" encoding="UTF-8"?>
<!DOCTYPE mapper PUBLIC "-//mybatis.org//DTD Mapper 3.0//EN"
    "http://mybatis.org/dtd/mybatis-3-mapper.dtd">

<mapper namespace="org.terasoluna.qp.domain.repository.account.AccountRepository">

    <resultMap id="accountResultMap" type="Account">
        <id property="accountId" column="account_id" />
        <result property="username" column="username" />
        <result property="password" column="password_" />
        <result property="accountNonExpired" column="account_non_expired" />
        <result property="accountNonLocked" column="account_non_locked" />
        <result property="credentialsNonExpired" column="credentials_non_expired" />
        <result property="createdBy" column="created_by" />
        <result property="createdDate" column="created_date" />
        <result property="updatedBy" column="updated_by" />
        <result property="updatedDate" column="updated_date" />
        <result property="accountRuleDefinitionId" column="account_rule_definition_id" />
        <result property="accountRuleDefinitionIdAutocomplete" column="account_rule_definition_name" />
        <result property="forceChangePassword" column="force_change_password" />
    </resultMap>
    
    <resultMap id="autocompleteResultMap" type="Autocomplete">
		<result property="optionValue" column="optionValue" />
		<result property="optionLabel" column="optionLabel" />
	</resultMap>
	
	<resultMap id="listRoleResultMap" type="org.terasoluna.qp.domain.model.Role">
		<id property="roleId" column="role_id" />
		<result property="roleName" column="role_name" />
		<result property="roleCd" column="role_code" />
		<result property="remark" column="remark" />
	</resultMap>

    <select id="findPageByCriteria"
		parameterType="org.terasoluna.qp.domain.repository.account.AccountSearchCriteria"
		resultMap="accountResultMap">
		SELECT *
		FROM (
		SELECT
            account_id,
            username,
            password_,
            account_non_expired,
            account_non_locked,
            credentials_non_expired,
            created_by,
            created_date,
            updated_by,
            updated_date,
            ROW_NUMBER()
		<if test="pageable.sort != null">
			OVER (ORDER BY
		 	<foreach collection="pageable.sort" item="account" separator=",">
		 		${account.property} ${account.direction} 
		 	</foreach>
		 	) rn
			
		</if>
		<if test="pageable.sort == null">
			OVER (ORDER BY updated_date DESC) rn
		</if>
        FROM
        qp_account
		<include refid="findPageByCriteriaWhere" />
		) WHERE
		<![CDATA[	
			rn BETWEEN  (#{pageable.offset} +1) AND (#{pageable.offset} + #{pageable.pageSize})	
	          
	     ]]>
	</select>
	<select id="countByCriteria"
		resultType="_long">
		<![CDATA[
	     	SELECT 
	     		COUNT(*) 
	     	FROM 
	     		qp_account	     	
	     	]]>
		<include refid="findPageByCriteriaWhere" />
	</select>
	<sql id="findPageByCriteriaWhere">
		<where>
			<if test="criteria.username != null and criteria.username != ''">
					<![CDATA[
						AND username LIKE '%' || #{criteria.username} || '%'
					]]>
			</if>
			<if test="criteria.accountNonLocked != null and criteria.accountNonLocked.length > 0">
                AND account_non_locked IN              
                <foreach item="accNonLocked" index="index" collection="criteria.accountNonLocked" open="(" separator="," close=")">
                    #{accNonLocked}
                </foreach>
            </if>
            <if test="criteria.accountNonExpired != null and criteria.accountNonExpired.length > 0">
                AND account_non_expired IN              
                <foreach item="accNonExpired" index="index" collection="criteria.accountNonExpired" open="(" separator="," close=")">
                    #{accNonExpired}
                </foreach>
            </if>
            <if test="criteria.credentialsNonExpired != null and criteria.credentialsNonExpired.length > 0">
                AND credentials_non_expired IN              
                <foreach item="creNonExpired" index="index" collection="criteria.credentialsNonExpired" open="(" separator="," close=")">
                    #{creNonExpired}
                </foreach>
            </if>
		</where>
	</sql>
    <select id="findOneByUsername" parameterType="string" resultMap="accountResultMap">
        SELECT
            account_id,
            username,
            password_,
            account_non_expired,
            account_non_locked,
            credentials_non_expired,
            created_by,
            created_date,
            updated_by,
            updated_date,
            account_rule_definition_id,
            force_change_password
        FROM
            qp_account
        WHERE
            username = #{username}
    </select>
    
     <select id="findOneByAccountId" parameterType="Long" resultMap="accountResultMap">
        SELECT
            t1.account_id,
            t1.username,
            t1.password_,
            t1.account_non_expired,
            t1.account_non_locked,
            t1.credentials_non_expired,
            t1.created_by,
            t1.created_date,
            t1.updated_by,
            t1.updated_date,
            t1.account_rule_definition_id,
            t1.force_change_password,
            t2.account_rule_definition_name
        FROM
            qp_account t1 LEFT JOIN qp_account_rule_definition t2 ON t1.account_rule_definition_id = t2.account_rule_definition_id
        WHERE
            t1.account_id = #{accountId}
    </select>
    <insert id="register" parameterType="Account">
        <selectKey keyProperty="accountId" resultType="long" order="BEFORE">
            SELECT qp_account_seq.nextval AS accountId FROM dual 
        </selectKey>
        INSERT INTO
            qp_account
        (
            account_id,
            username,
            password_,
            account_non_expired,
            account_non_locked,
            credentials_non_expired,
            created_by,
            created_date,
            updated_by,
            updated_date,
            account_rule_definition_id,
            force_change_password
        )
        VALUES
        (
            #{accountId},
            #{username},
            #{password},
            #{accountNonExpired},
            #{accountNonLocked},
            #{credentialsNonExpired},
            #{createdBy},
            #{createdDate},
            #{updatedBy},
            #{updatedDate},
            #{accountRuleDefinitionId},
            #{forceChangePassword}
        )
    </insert>
    <update id="modify" parameterType="Account">
        UPDATE 
        	qp_account
        SET 
            account_non_expired = #{accountNonExpired},
            account_non_locked = #{accountNonLocked},
            credentials_non_expired = #{credentialsNonExpired},
            updated_date = #{systemTime},
           	account_rule_definition_id = #{accountRuleDefinitionId}
        WHERE  
        	account_id = #{accountId} and updated_date = #{updatedDate}
    </update>
    
    <update id="modifyHaveChangePass" parameterType="Account">
        UPDATE 
        	qp_account
        SET
        	password_ = #{password},
            account_non_expired = #{accountNonExpired},
            account_non_locked = #{accountNonLocked},
            credentials_non_expired = #{credentialsNonExpired},
            updated_date = #{systemTime},
            account_rule_definition_id = #{accountRuleDefinitionId},
            force_change_password = #{forceChangePassword}
        WHERE  
        	account_id = #{accountId} and updated_date = #{updatedDate}
    </update>

    <delete id="delete" parameterType="Account">
	    {CALL
	        DECLARE
	        BEGIN
	          	DELETE FROM qp_account_permission WHERE account_id = #{accountId};
		   		DELETE FROM qp_account_role WHERE account_id = #{accountId};
		        DELETE FROM qp_account_theme WHERE account_id = #{accountId};
		        DELETE FROM qp_account WHERE account_id = #{accountId};
	        END
	    }
    </delete>

    <!-- //TungHT-get username for design information search screen -->
    <select id="getAllAccountForAutocomplete" parameterType="org.terasoluna.qp.domain.service.common.AutocompleteInput" resultMap="autocompleteResultMap">
		SELECT
			optionValue,
			optionLabel
		FROM
		(SELECT
			account_id AS optionValue,
			username AS optionLabel
		FROM
			qp_account
		<where>
			<if test="searchKey != null and searchKey != ''" >
				<bind name="keyword" value="@org.terasoluna.gfw.common.query.QueryEscapeUtils@toContainingCondition(searchKey)" />
				<![CDATA[AND username LIKE #{keyword} ESCAPE '~']]>
			</if>
		</where>
		ORDER BY 
			username
		)
		<where>
			<if test="arg02 == null or arg02 == ''">
			 	<![CDATA[ROWNUM <= 20]]>
			</if>
			<if test="arg02 != null and arg02 != ''">
				<![CDATA[ROWNUM <= CAST(#{arg02} AS number(10)) ]]>
			</if>
		</where>
	</select>
	
    <select id="getAllRuleDefinitionForAutocomplete" parameterType="org.terasoluna.qp.domain.service.common.AutocompleteInput" resultMap="autocompleteResultMap">
		SELECT
			optionValue,
			optionLabel
		FROM
		(SELECT
			account_rule_definition_id AS optionValue,
			account_rule_definition_name AS optionLabel
		FROM
			qp_account_rule_definition
		<where>
			<if test="searchKey != null and searchKey != ''" >
				<bind name="keyword" value="@org.terasoluna.gfw.common.query.QueryEscapeUtils@toContainingCondition(searchKey)" />
				AND <![CDATA[ account_rule_definition_name LIKE #{keyword} ESCAPE '~']]>
			</if>
		</where>
		ORDER BY 
			account_rule_definition_name
		)
		<where>
			<if test="arg02 == null or arg02 == ''">
			 	<![CDATA[ROWNUM <= 20]]>
			</if>
			<if test="arg02 != null and arg02 != ''">
				<![CDATA[ROWNUM <= CAST(#{arg02} AS number(10)) ]]>
			</if>	
		</where>
	</select>
	
    <select id="getListActiveRolesForAccountRegisterAndModify" resultMap="listRoleResultMap">
		SELECT
			role_id,
			role_name,
			role_code,
			remark
		FROM
			qp_role
		WHERE
			status = 1
	</select>
	
    <select id="getCurrentValueAccountSequence" resultType="long">
		SELECT qp_account_seq.currval AS accountId FROM dual
	</select>
	
	<select id="getAccountWhenAuthenticationFailed" parameterType="string" resultMap="accountResultMap">
        SELECT
            account_id,
            username,
            password_,
            account_non_expired,
            account_non_locked,
            credentials_non_expired,
            created_by,
            created_date,
            updated_by,
            updated_date,
            account_rule_definition_id
        FROM
            qp_account
        WHERE
            username = #{username}
    </select>
</mapper>
